{"execution_time": {"mda_1.wav": {"vosk": 32.19327354431152, "whisper": 659.9415247440338, "whisperx": 527.2017657756805}, "mda_2.wav": {"vosk": 23.158190965652466, "whisper": 346.012690782547, "whisperx": 229.0817379951477}, "mda_3.wav": {"vosk": 12.104294300079346, "whisper": 215.94570350646973, "whisperx": 141.72565960884094}}}