{"execution_time": {"mda_1.wav": {"seamless": 667.4038922786713, "whisperx": 447.18865633010864, "nemo": 66.51011228561401, "vosk": 32.25207495689392, "whisper": 616.394430398941}, "mda_2.wav": {"seamless": 305.5749456882477, "whisperx": 233.75558948516846, "nemo": 22.207088947296143, "vosk": 24.19120168685913, "whisper": 340.3519685268402}, "mda_3.wav": {"seamless": 193.07176613807678, "whisperx": 140.72336554527283, "nemo": 17.17411208152771, "vosk": 12.145741939544678, "whisper": 198.8656461238861}, "mda_4.wav": {"seamless": 225.0669333934784, "whisperx": 163.88131999969482, "nemo": 18.153778076171875, "vosk": 13.145812273025513, "whisper": 236.97158002853394}, "mda_5.wav": {"seamless": 355.61865425109863, "whisperx": 275.37646675109863, "nemo": 23.22178554534912, "vosk": 22.284886121749878, "whisper": 410.6085641384125}, "mda_6.wav": {"seamless": 346.5960326194763, "whisperx": 279.3925220966339, "nemo": 24.183754444122314, "vosk": 23.19033718109131, "whisper": 391.5637083053589}, "mda_7.wav": {"seamless": 276.27197432518005, "whisperx": 221.16187071800232, "nemo": 21.18522548675537, "vosk": 18.158777236938477, "whisper": 317.29428815841675}, "mda_8.wav": {"seamless": 247.17008805274963, "whisperx": 187.91170811653137, "nemo": 20.1720449924469, "vosk": 15.146575927734375, "whisper": 269.09942054748535}}}