{"execution_time": {"whisperx": {"ruido_1.wav": 150.61076855659485, "ruido_2.wav": 24.1419415473938, "ruido_3.wav": 21.141459703445435}}}