{"execution_time": {"mda_1.wav": {"vosk": 33.24853563308716, "whisper": 628.7664198875427, "whisperx": 501.29920077323914}, "mda_2.wav": {"vosk": 25.189051151275635, "whisper": 350.6533353328705, "whisperx": 229.15201592445374}, "mda_3.wav": {"vosk": 12.128922700881958, "whisper": 205.87995648384094, "whisperx": 141.71990585327148}}}